{"cameraMode":{"drawMode":0,"name":"Shaded","section":"Shading Mode"},"sceneLighting":true,"audioPlay":false,"sceneViewState":{"showFog":false,"showMaterialUpdate":false,"showSkybox":false,"showFlares":false,"showImageEffects":false,"showParticleSystems":false},"in2DMode":false,"pivot":{"x":-0.7843489646911621,"y":1.1405627727508546,"z":3.9062843322753908},"rotation":{"x":-0.002981737721711397,"y":0.1101737692952156,"z":-0.00033052804064936936,"w":-0.9939078092575073},"size":34.18337631225586,"orthographic":false}